{"cameraMode":{"drawMode":0,"name":"Shaded","section":"Shading Mode"},"sceneLighting":true,"audioPlay":false,"sceneViewState":{"m_AlwaysRefresh":false,"showFog":true,"showSkybox":true,"showFlares":true,"showImageEffects":true,"showParticleSystems":true,"showVisualEffectGraphs":true,"m_FxEnabled":true},"in2DMode":false,"pivot":{"x":-20.283584594726564,"y":4.986664772033691,"z":37.494422912597659},"rotation":{"x":-0.028021248057484628,"y":-0.10923945158720017,"z":-0.003078461391851306,"w":0.9935975670814514},"size":26.039539337158204,"orthographic":false}