{"cameraMode":{"drawMode":0,"name":"Shaded","section":"Shading Mode"},"sceneLighting":false,"audioPlay":false,"sceneViewState":{"m_AlwaysRefresh":false,"showFog":true,"showSkybox":true,"showFlares":true,"showImageEffects":true,"showParticleSystems":true,"showVisualEffectGraphs":true,"m_FxEnabled":true},"in2DMode":false,"pivot":{"x":127.63201904296875,"y":121.0420150756836,"z":-21.424304962158204},"rotation":{"x":-0.032669030129909518,"y":0.6467337012290955,"z":-0.02778005786240101,"w":-0.761482298374176},"size":1.9148240089416505,"orthographic":false}